-- phpMyAdmin SQL Dump
-- version 5.0.4
-- https://www.phpmyadmin.net/
--
-- Host: 127.0.0.1
-- Generation Time: Jun 17, 2025 at 02:31 PM
-- Server version: 10.4.17-MariaDB
-- PHP Version: 8.0.2

SET SQL_MODE = "NO_AUTO_VALUE_ON_ZERO";
START TRANSACTION;
SET time_zone = "+00:00";


/*!40101 SET @OLD_CHARACTER_SET_CLIENT=@@CHARACTER_SET_CLIENT */;
/*!40101 SET @OLD_CHARACTER_SET_RESULTS=@@CHARACTER_SET_RESULTS */;
/*!40101 SET @OLD_COLLATION_CONNECTION=@@COLLATION_CONNECTION */;
/*!40101 SET NAMES utf8mb4 */;

--
-- Database: `db_spk`
--

-- --------------------------------------------------------

--
-- Table structure for table `aspect`
--

CREATE TABLE `aspect` (
  `id` int(11) NOT NULL,
  `code_aspect` varchar(7) NOT NULL,
  `name` varchar(100) NOT NULL,
  `persentase` decimal(3,2) NOT NULL,
  `created_on` datetime NOT NULL,
  `updated_on` datetime NOT NULL
) ENGINE=InnoDB DEFAULT CHARSET=latin1;

--
-- Dumping data for table `aspect`
--

INSERT INTO `aspect` (`id`, `code_aspect`, `name`, `persentase`, `created_on`, `updated_on`) VALUES
(9, 'ASP0001', 'Kehadiran', '0.20', '2025-04-25 07:46:49', '2025-04-29 18:05:36'),
(11, 'ASP0002', 'Profile Karyawan', '0.20', '2025-05-10 05:47:29', '0000-00-00 00:00:00'),
(12, 'ASP0003', 'Sikap Kerja', '0.30', '2025-05-10 05:47:46', '0000-00-00 00:00:00'),
(13, 'ASP0004', 'Kemampuan', '0.30', '2025-05-10 05:47:58', '0000-00-00 00:00:00');

-- --------------------------------------------------------

--
-- Table structure for table `criteria`
--

CREATE TABLE `criteria` (
  `id` int(11) NOT NULL,
  `code_criteria` varchar(7) NOT NULL,
  `aspect_id` int(11) NOT NULL,
  `factor_id` int(11) NOT NULL,
  `name` varchar(100) NOT NULL,
  `persentase` decimal(3,2) NOT NULL,
  `target` int(11) NOT NULL,
  `created_on` datetime NOT NULL,
  `updated_on` datetime NOT NULL
) ENGINE=InnoDB DEFAULT CHARSET=latin1;

--
-- Dumping data for table `criteria`
--

INSERT INTO `criteria` (`id`, `code_criteria`, `aspect_id`, `factor_id`, `name`, `persentase`, `target`, `created_on`, `updated_on`) VALUES
(4, 'CRI0001', 9, 1, 'Absensi', '0.60', 5, '0000-00-00 00:00:00', '0000-00-00 00:00:00'),
(5, 'CRI0002', 9, 2, 'Keterlambatan', '0.40', 5, '0000-00-00 00:00:00', '0000-00-00 00:00:00'),
(7, 'CRI0003', 11, 1, 'Jabatan', '0.60', 3, '0000-00-00 00:00:00', '0000-00-00 00:00:00'),
(8, 'CRI0004', 11, 2, 'Lama Masa Kerja', '0.40', 3, '0000-00-00 00:00:00', '0000-00-00 00:00:00'),
(9, 'CRI0005', 12, 1, 'Kerjasama', '0.35', 5, '0000-00-00 00:00:00', '0000-00-00 00:00:00'),
(10, 'CRI0006', 12, 1, 'Inisiatif', '0.25', 5, '0000-00-00 00:00:00', '0000-00-00 00:00:00'),
(11, 'CRI0007', 12, 2, 'Kendali Diri', '0.40', 5, '0000-00-00 00:00:00', '0000-00-00 00:00:00'),
(12, 'CRI0008', 13, 1, 'Problem Solving', '0.25', 5, '0000-00-00 00:00:00', '0000-00-00 00:00:00'),
(13, 'CRI0009', 13, 1, 'Tanggung Jawab', '0.35', 5, '0000-00-00 00:00:00', '0000-00-00 00:00:00'),
(14, 'CRI0010', 13, 2, 'Kemampuan Adaptasi', '0.40', 5, '0000-00-00 00:00:00', '0000-00-00 00:00:00');

-- --------------------------------------------------------

--
-- Table structure for table `division`
--

CREATE TABLE `division` (
  `id` int(11) NOT NULL,
  `name` varchar(50) NOT NULL,
  `created_on` datetime NOT NULL,
  `updated_on` datetime NOT NULL
) ENGINE=InnoDB DEFAULT CHARSET=latin1;

--
-- Dumping data for table `division`
--

INSERT INTO `division` (`id`, `name`, `created_on`, `updated_on`) VALUES
(3, 'Study Space', '0000-00-00 00:00:00', '0000-00-00 00:00:00'),
(4, 'Techno Coffe', '0000-00-00 00:00:00', '0000-00-00 00:00:00'),
(5, 'Cafe 1', '0000-00-00 00:00:00', '0000-00-00 00:00:00'),
(6, 'Cafe 2', '0000-00-00 00:00:00', '0000-00-00 00:00:00'),
(7, 'Cafe 2', '0000-00-00 00:00:00', '0000-00-00 00:00:00'),
(8, 'Cafe 3', '0000-00-00 00:00:00', '0000-00-00 00:00:00'),
(9, 'Technolife', '0000-00-00 00:00:00', '0000-00-00 00:00:00'),
(10, 'HRD', '0000-00-00 00:00:00', '0000-00-00 00:00:00');

-- --------------------------------------------------------

--
-- Table structure for table `employee`
--

CREATE TABLE `employee` (
  `id` int(11) NOT NULL,
  `user_id` int(11) NOT NULL,
  `fullname` varchar(100) NOT NULL,
  `address` text NOT NULL,
  `no_telp` varchar(15) NOT NULL,
  `position_id` int(11) NOT NULL,
  `sub_divisi` varchar(50) DEFAULT NULL,
  `start_date` date NOT NULL,
  `end_date` date NOT NULL,
  `created_on` datetime NOT NULL,
  `updated_on` datetime NOT NULL
) ENGINE=InnoDB DEFAULT CHARSET=latin1;

--
-- Dumping data for table `employee`
--

INSERT INTO `employee` (`id`, `user_id`, `fullname`, `address`, `no_telp`, `position_id`, `sub_divisi`, `start_date`, `end_date`, `created_on`, `updated_on`) VALUES
(1, 1, 'Super Admin', '', '', 0, NULL, '0000-00-00', '0000-00-00', '2025-02-06 00:00:00', '2025-02-06 00:00:00'),
(8, 8, 'nerva', 'cipasir', '0987654098765', 1, 'Kitchen', '0000-00-00', '0000-00-00', '0000-00-00 00:00:00', '2025-05-28 14:41:18'),
(9, 9, 'Salma', 'cicalengka', '0897687657', 4, 'Kitchen', '0000-00-00', '0000-00-00', '2025-05-10 06:41:14', '2025-05-28 14:41:08'),
(10, 10, 'Rifa', 'Tanjungsari', '08564362819', 3, 'Layanan', '0000-00-00', '0000-00-00', '2025-05-10 06:41:54', '2025-05-28 14:40:57'),
(11, 11, 'Gilang', 'Garut', '087543212345', 2, 'Layanan', '0000-00-00', '0000-00-00', '2025-05-10 06:42:45', '2025-05-28 14:40:46'),
(12, 12, 'Tina', 'Cipasir', '08564371819', 5, 'Umum', '0000-00-00', '0000-00-00', '2025-05-10 06:43:21', '2025-05-28 14:38:17'),
(13, 13, 'Raihan', 'jatinangor', '08564372891', 7, 'Umum', '0000-00-00', '0000-00-00', '2025-05-10 06:44:55', '2025-06-14 15:22:13'),
(14, 14, 'Yuda', 'Cikijing', '09876567898', 5, 'Umum', '0000-00-00', '0000-00-00', '2025-05-28 14:42:11', '0000-00-00 00:00:00'),
(15, 15, 'Dian Herdiana', 'cibiru', '08976521134', 8, 'HRD', '0000-00-00', '0000-00-00', '2025-05-28 14:46:24', '2025-05-29 15:20:12');

-- --------------------------------------------------------

--
-- Table structure for table `employee_division`
--

CREATE TABLE `employee_division` (
  `id` int(11) NOT NULL,
  `employee_id` int(11) NOT NULL,
  `division_id` int(11) NOT NULL,
  `created_on` datetime NOT NULL,
  `updated_on` datetime NOT NULL
) ENGINE=InnoDB DEFAULT CHARSET=latin1;

--
-- Dumping data for table `employee_division`
--

INSERT INTO `employee_division` (`id`, `employee_id`, `division_id`, `created_on`, `updated_on`) VALUES
(9, 12, 5, '0000-00-00 00:00:00', '0000-00-00 00:00:00'),
(10, 11, 5, '0000-00-00 00:00:00', '0000-00-00 00:00:00'),
(11, 10, 5, '0000-00-00 00:00:00', '0000-00-00 00:00:00'),
(12, 9, 5, '0000-00-00 00:00:00', '0000-00-00 00:00:00'),
(13, 8, 5, '0000-00-00 00:00:00', '0000-00-00 00:00:00'),
(14, 14, 5, '0000-00-00 00:00:00', '0000-00-00 00:00:00'),
(16, 15, 10, '0000-00-00 00:00:00', '0000-00-00 00:00:00'),
(17, 1, 2, '0000-00-00 00:00:00', '0000-00-00 00:00:00'),
(19, 13, 3, '0000-00-00 00:00:00', '0000-00-00 00:00:00');

-- --------------------------------------------------------

--
-- Table structure for table `factor`
--

CREATE TABLE `factor` (
  `id` int(11) NOT NULL,
  `code_factor` varchar(7) NOT NULL,
  `name` varchar(100) NOT NULL,
  `created_on` datetime NOT NULL,
  `updated_on` datetime NOT NULL
) ENGINE=InnoDB DEFAULT CHARSET=latin1;

--
-- Dumping data for table `factor`
--

INSERT INTO `factor` (`id`, `code_factor`, `name`, `created_on`, `updated_on`) VALUES
(1, 'FAC0001', 'Core', '2025-04-25 07:44:14', '2025-04-29 18:06:27'),
(2, 'FAC0002', 'Secondary', '2025-04-29 18:06:39', '0000-00-00 00:00:00');

-- --------------------------------------------------------

--
-- Table structure for table `hasil_profile_matching`
--

CREATE TABLE `hasil_profile_matching` (
  `id` int(11) NOT NULL,
  `employee_id` int(11) NOT NULL,
  `periode_input` date DEFAULT NULL,
  `nilai_akhir` float DEFAULT NULL,
  `ranking` int(11) DEFAULT NULL,
  `persentase_bonus` float DEFAULT NULL,
  `tanggal_perhitungan` date NOT NULL
) ENGINE=InnoDB DEFAULT CHARSET=utf8mb4;

--
-- Dumping data for table `hasil_profile_matching`
--

INSERT INTO `hasil_profile_matching` (`id`, `employee_id`, `periode_input`, `nilai_akhir`, `ranking`, `persentase_bonus`, `tanggal_perhitungan`) VALUES
(37, 14, '2025-06-17', 4.5, 1, 19.33, '2025-06-17'),
(38, 12, '2025-06-17', 3.905, 2, 16.78, '2025-06-17'),
(39, 10, '2025-06-17', 3.8, 3, 16.33, '2025-06-17'),
(40, 9, '2025-06-17', 3.8, 4, 16.33, '2025-06-17'),
(41, 8, '2025-06-17', 3.69, 5, 15.85, '2025-06-17'),
(42, 11, '2025-06-17', 3.58, 6, 15.38, '2025-06-17');

-- --------------------------------------------------------

--
-- Table structure for table `nilai_aktual`
--

CREATE TABLE `nilai_aktual` (
  `id` int(11) NOT NULL,
  `employee_id` int(11) NOT NULL,
  `criteria_id` int(11) NOT NULL,
  `subkriteria_id` int(11) NOT NULL,
  `questioner_id` int(11) NOT NULL,
  `tanggal_input` datetime NOT NULL
) ENGINE=InnoDB DEFAULT CHARSET=latin1;

--
-- Dumping data for table `nilai_aktual`
--

INSERT INTO `nilai_aktual` (`id`, `employee_id`, `criteria_id`, `subkriteria_id`, `questioner_id`, `tanggal_input`) VALUES
(163, 8, 4, 4, 1, '2025-06-17 04:39:04'),
(164, 8, 5, 10, 1, '2025-06-17 04:39:04'),
(165, 9, 4, 5, 1, '2025-06-17 04:39:04'),
(166, 9, 5, 11, 1, '2025-06-17 04:39:04'),
(167, 10, 4, 6, 1, '2025-06-17 04:39:04'),
(168, 10, 5, 9, 1, '2025-06-17 04:39:04'),
(169, 11, 4, 5, 1, '2025-06-17 04:39:04'),
(170, 11, 5, 10, 1, '2025-06-17 04:39:04'),
(171, 12, 4, 4, 1, '2025-06-17 04:39:04'),
(172, 12, 5, 9, 1, '2025-06-17 04:39:04'),
(173, 14, 4, 5, 1, '2025-06-17 04:39:04'),
(174, 14, 5, 9, 1, '2025-06-17 04:39:04'),
(175, 8, 7, 15, 1, '2025-06-17 04:40:05'),
(176, 8, 8, 17, 1, '2025-06-17 04:40:05'),
(177, 9, 7, 16, 1, '2025-06-17 04:40:05'),
(178, 9, 8, 18, 1, '2025-06-17 04:40:05'),
(179, 10, 7, 16, 1, '2025-06-17 04:40:05'),
(180, 10, 8, 17, 1, '2025-06-17 04:40:05'),
(181, 11, 7, 16, 1, '2025-06-17 04:40:05'),
(182, 11, 8, 18, 1, '2025-06-17 04:40:05'),
(183, 12, 7, 14, 1, '2025-06-17 04:40:05'),
(184, 12, 8, 17, 1, '2025-06-17 04:40:05'),
(185, 14, 7, 14, 1, '2025-06-17 04:40:05'),
(186, 14, 8, 18, 1, '2025-06-17 04:40:05'),
(187, 8, 9, 22, 1, '2025-06-17 04:40:12'),
(188, 8, 10, 24, 1, '2025-06-17 04:40:12'),
(189, 8, 11, 26, 1, '2025-06-17 04:40:12'),
(190, 9, 9, 39, 1, '2025-06-17 04:40:12'),
(191, 9, 10, 41, 1, '2025-06-17 04:40:12'),
(192, 9, 11, 43, 1, '2025-06-17 04:40:12'),
(193, 10, 9, 39, 1, '2025-06-17 04:40:12'),
(194, 10, 10, 41, 1, '2025-06-17 04:40:12'),
(195, 10, 11, 26, 1, '2025-06-17 04:40:12'),
(196, 11, 9, 39, 1, '2025-06-17 04:40:12'),
(197, 11, 10, 41, 1, '2025-06-17 04:40:12'),
(198, 11, 11, 43, 1, '2025-06-17 04:40:12'),
(199, 12, 9, 40, 1, '2025-06-17 04:40:12'),
(200, 12, 10, 42, 1, '2025-06-17 04:40:12'),
(201, 12, 11, 44, 1, '2025-06-17 04:40:12'),
(202, 14, 9, 40, 1, '2025-06-17 04:40:12'),
(203, 14, 10, 41, 1, '2025-06-17 04:40:12'),
(204, 14, 11, 44, 1, '2025-06-17 04:40:12'),
(205, 8, 12, 46, 1, '2025-06-17 04:40:16'),
(206, 8, 13, 47, 1, '2025-06-17 04:40:16'),
(207, 8, 14, 49, 1, '2025-06-17 04:40:16'),
(208, 9, 12, 45, 1, '2025-06-17 04:40:16'),
(209, 9, 13, 47, 1, '2025-06-17 04:40:16'),
(210, 9, 14, 49, 1, '2025-06-17 04:40:16'),
(211, 10, 12, 45, 1, '2025-06-17 04:40:16'),
(212, 10, 13, 47, 1, '2025-06-17 04:40:16'),
(213, 10, 14, 49, 1, '2025-06-17 04:40:16'),
(214, 11, 12, 29, 1, '2025-06-17 04:40:16'),
(215, 11, 13, 32, 1, '2025-06-17 04:40:16'),
(216, 11, 14, 36, 1, '2025-06-17 04:40:16'),
(217, 12, 12, 31, 1, '2025-06-17 04:40:16'),
(218, 12, 13, 34, 1, '2025-06-17 04:40:16'),
(219, 12, 14, 38, 1, '2025-06-17 04:40:16'),
(220, 14, 12, 46, 1, '2025-06-17 04:40:16'),
(221, 14, 13, 47, 1, '2025-06-17 04:40:16'),
(222, 14, 14, 49, 1, '2025-06-17 04:40:16');

-- --------------------------------------------------------

--
-- Table structure for table `position`
--

CREATE TABLE `position` (
  `id` int(11) NOT NULL,
  `name` varchar(100) NOT NULL,
  `level_position` varchar(15) DEFAULT NULL,
  `created_on` datetime NOT NULL,
  `updated_on` datetime NOT NULL
) ENGINE=InnoDB DEFAULT CHARSET=latin1;

--
-- Dumping data for table `position`
--

INSERT INTO `position` (`id`, `name`, `level_position`, `created_on`, `updated_on`) VALUES
(1, 'Head Chef', 'senior_staff', '2025-04-30 04:38:20', '2025-05-29 15:54:13'),
(2, 'Waitress', 'staff', '2025-05-10 05:43:58', '2025-05-29 15:47:56'),
(3, 'Cashier', 'staff', '2025-05-10 05:44:04', '2025-05-29 15:54:21'),
(4, 'Cook Helper', 'staff', '2025-05-10 05:44:09', '2025-05-29 15:54:29'),
(5, 'Supervisor', 'managerial', '2025-05-10 05:44:18', '2025-05-29 15:54:36'),
(6, 'Admin', 'admin', '2025-05-10 05:56:37', '0000-00-00 00:00:00'),
(7, 'Operator', 'operator', '2025-05-10 05:56:44', '0000-00-00 00:00:00'),
(8, 'HRD', 'hrd', '2025-05-28 14:43:06', '2025-05-29 15:54:54');

-- --------------------------------------------------------

--
-- Table structure for table `question`
--

CREATE TABLE `question` (
  `id` int(11) NOT NULL,
  `code_question` varchar(7) NOT NULL,
  `criteria_id` int(11) NOT NULL,
  `name` varchar(100) NOT NULL,
  `created_on` datetime NOT NULL,
  `updated_on` datetime NOT NULL
) ENGINE=InnoDB DEFAULT CHARSET=latin1;

--
-- Dumping data for table `question`
--

INSERT INTO `question` (`id`, `code_question`, `criteria_id`, `name`, `created_on`, `updated_on`) VALUES
(3, 'QST0001', 9, 'Apakah rekan Anda mudah diajak bekerja sama dalam menyelesaikan tugas bersama?', '2025-05-10 09:27:34', '0000-00-00 00:00:00'),
(4, 'QST0002', 9, 'Apakah rekan Anda bersedia membantu rekan kerja lain tanpa diminta?', '2025-05-10 09:28:00', '0000-00-00 00:00:00'),
(5, 'QST0003', 9, 'Apakah rekan Anda mampu berkomunikasi dengan baik dalam tim?', '2025-05-10 09:28:12', '0000-00-00 00:00:00'),
(6, 'QST0004', 9, 'Apakah rekan Anda menghargai pendapat orang lain saat berdiskusi?', '2025-05-10 09:28:24', '0000-00-00 00:00:00'),
(7, 'QST0005', 9, 'Apakah rekan Anda turut berkontribusi aktif saat bekerja dalam kelompok?', '2025-05-10 09:28:38', '0000-00-00 00:00:00'),
(8, 'QST0006', 10, 'Apakah rekan Anda mampu mengambil tindakan tanpa menunggu perintah atasan?', '2025-05-10 09:28:58', '0000-00-00 00:00:00'),
(9, 'QST0007', 10, 'Apakah rekan Anda mencari solusi ketika menghadapi masalah dalam pekerjaan?', '2025-05-10 09:29:13', '0000-00-00 00:00:00'),
(10, 'QST0008', 10, 'Apakah rekan Anda menunjukkan antusiasme dalam mencari cara baru untuk meningkatkan hasil kerja?', '2025-05-10 09:29:27', '0000-00-00 00:00:00'),
(11, 'QST0009', 10, 'Apakah rekan Anda sering memberikan ide atau saran yang membangun di tempat kerja?', '2025-05-10 09:29:40', '2025-05-28 14:49:56'),
(12, 'QST0010', 10, 'Apakah rekan Anda menunjukkan keinginan untuk belajar dan berkembang secara mandiri?', '2025-05-10 09:29:51', '2025-05-28 14:50:06'),
(13, 'QST0011', 11, 'Apakah rekan Anda mampu tetap tenang ketika menghadapi tekanan pekerjaan?', '2025-05-10 09:30:29', '0000-00-00 00:00:00'),
(14, 'QST0012', 11, 'Apakah rekan Anda tidak mudah marah saat menghadapi situasi sulit?', '2025-05-10 09:30:39', '0000-00-00 00:00:00'),
(15, 'QST0013', 11, 'Apakah rekan Anda mampu menyelesaikan konflik secara profesional?', '2025-05-10 09:30:50', '0000-00-00 00:00:00'),
(16, 'QST0014', 11, 'Apakah rekan Anda menjaga sikap dan tutur kata dalam situasi kerja yang menegangkan?', '2025-05-10 09:31:01', '0000-00-00 00:00:00'),
(17, 'QST0015', 11, 'Apakah rekan Anda tetap fokus dan tidak mudah terdistraksi oleh hal-hal pribadi saat bekerja?', '2025-05-10 09:31:12', '0000-00-00 00:00:00'),
(18, 'QST0016', 12, 'Apakah karyawan mampu menemukan solusi yang efektif saat menghadapi masalah kerja?', '2025-05-10 09:32:53', '0000-00-00 00:00:00'),
(19, 'QST0017', 12, 'Apakah karyawan dapat menganalisis penyebab utama dari suatu permasalahan?', '2025-05-10 09:33:04', '0000-00-00 00:00:00'),
(20, 'QST0018', 12, 'Apakah karyawan menunjukkan kreativitas dalam menyelesaikan permasalahan?', '2025-05-10 09:33:14', '0000-00-00 00:00:00'),
(21, 'QST0019', 12, 'Apakah karyawan mengambil keputusan dengan tepat dan cepat saat dibutuhkan?', '2025-05-10 09:33:27', '0000-00-00 00:00:00'),
(22, 'QST0020', 12, 'Apakah karyawan mampu menangani masalah tanpa selalu bergantung pada atasan?', '2025-05-10 09:34:16', '0000-00-00 00:00:00'),
(23, 'QST0021', 13, 'Apakah karyawan menyelesaikan pekerjaan sesuai dengan tenggat waktu yang ditentukan?', '2025-05-10 09:39:07', '0000-00-00 00:00:00'),
(24, 'QST0022', 13, 'Apakah karyawan konsisten dalam menjalankan tugas tanpa pengawasan langsung?', '2025-05-10 09:39:19', '0000-00-00 00:00:00'),
(25, 'QST0023', 13, 'Apakah karyawan dapat diandalkan untuk menyelesaikan tugas penting?', '2025-05-10 09:39:33', '0000-00-00 00:00:00'),
(26, 'QST0024', 13, 'Apakah karyawan menunjukkan kepedulian terhadap hasil kerjanya?', '2025-05-10 09:39:44', '0000-00-00 00:00:00'),
(27, 'QST0025', 13, 'Apakah karyawan mengakui kesalahan dan berusaha memperbaikinya ketika terjadi?', '2025-05-10 09:39:56', '0000-00-00 00:00:00'),
(28, 'QST0026', 14, 'Apakah karyawan mampu menyesuaikan diri dengan perubahan sistem atau kebijakan kerja?', '2025-05-10 09:40:34', '0000-00-00 00:00:00'),
(29, 'QST0027', 14, 'Apakah karyawan tetap produktif meskipun kondisi kerja berubah?', '2025-05-10 09:40:50', '0000-00-00 00:00:00'),
(30, 'QST0028', 14, 'Apakah karyawan cepat belajar saat diberikan tugas atau peran baru?', '2025-05-10 09:41:05', '0000-00-00 00:00:00'),
(31, 'QST0029', 14, 'Apakah karyawan mampu bekerja sama dengan tim baru atau dalam lingkungan kerja yang berbeda?', '2025-05-10 09:41:20', '0000-00-00 00:00:00'),
(32, 'QST0030', 14, 'Apakah karyawan menunjukkan sikap positif terhadap perubahan?', '2025-05-10 09:41:32', '0000-00-00 00:00:00');

-- --------------------------------------------------------

--
-- Table structure for table `questioner`
--

CREATE TABLE `questioner` (
  `id` int(11) NOT NULL,
  `code_questioner` varchar(7) NOT NULL,
  `deadline` datetime NOT NULL,
  `status` tinyint(1) DEFAULT NULL,
  `created_on` datetime NOT NULL
) ENGINE=InnoDB DEFAULT CHARSET=latin1;

--
-- Dumping data for table `questioner`
--

INSERT INTO `questioner` (`id`, `code_questioner`, `deadline`, `status`, `created_on`) VALUES
(1, 'QUE0001', '2025-06-19 17:00:00', 1, '2025-06-06 07:40:23');

-- --------------------------------------------------------

--
-- Table structure for table `questioner_answers`
--

CREATE TABLE `questioner_answers` (
  `id` int(11) NOT NULL,
  `questioner_id` int(11) NOT NULL,
  `evaluator_id` int(11) NOT NULL,
  `evaluatee_id` int(11) NOT NULL,
  `question_id` int(11) NOT NULL,
  `nilai` int(11) NOT NULL,
  `created_on` timestamp NOT NULL DEFAULT current_timestamp()
) ENGINE=InnoDB DEFAULT CHARSET=utf8mb4;

--
-- Dumping data for table `questioner_answers`
--

INSERT INTO `questioner_answers` (`id`, `questioner_id`, `evaluator_id`, `evaluatee_id`, `question_id`, `nilai`, `created_on`) VALUES
(16, 1, 9, 8, 3, 1, '2025-06-06 17:44:50'),
(17, 1, 9, 8, 4, 1, '2025-06-06 17:44:50'),
(18, 1, 9, 8, 5, 1, '2025-06-06 17:44:50'),
(19, 1, 9, 8, 6, 1, '2025-06-06 17:44:50'),
(20, 1, 9, 8, 7, 1, '2025-06-06 17:44:50'),
(21, 1, 9, 8, 8, 2, '2025-06-06 17:44:50'),
(22, 1, 9, 8, 9, 2, '2025-06-06 17:44:50'),
(23, 1, 9, 8, 10, 2, '2025-06-06 17:44:50'),
(24, 1, 9, 8, 11, 2, '2025-06-06 17:44:50'),
(25, 1, 9, 8, 12, 2, '2025-06-06 17:44:50'),
(26, 1, 9, 8, 13, 3, '2025-06-06 17:44:50'),
(27, 1, 9, 8, 14, 3, '2025-06-06 17:44:50'),
(28, 1, 9, 8, 15, 3, '2025-06-06 17:44:50'),
(29, 1, 9, 8, 16, 3, '2025-06-06 17:44:50'),
(30, 1, 9, 8, 17, 3, '2025-06-06 17:44:50'),
(31, 1, 11, 10, 3, 5, '2025-06-07 10:45:05'),
(32, 1, 11, 10, 4, 4, '2025-06-07 10:45:05'),
(33, 1, 11, 10, 5, 5, '2025-06-07 10:45:05'),
(34, 1, 11, 10, 6, 3, '2025-06-07 10:45:05'),
(35, 1, 11, 10, 7, 4, '2025-06-07 10:45:05'),
(36, 1, 11, 10, 8, 3, '2025-06-07 10:45:05'),
(37, 1, 11, 10, 9, 4, '2025-06-07 10:45:05'),
(38, 1, 11, 10, 10, 5, '2025-06-07 10:45:05'),
(39, 1, 11, 10, 11, 4, '2025-06-07 10:45:05'),
(40, 1, 11, 10, 12, 4, '2025-06-07 10:45:05'),
(41, 1, 11, 10, 13, 2, '2025-06-07 10:45:05'),
(42, 1, 11, 10, 14, 4, '2025-06-07 10:45:05'),
(43, 1, 11, 10, 15, 3, '2025-06-07 10:45:05'),
(44, 1, 11, 10, 16, 4, '2025-06-07 10:45:05'),
(45, 1, 11, 10, 17, 4, '2025-06-07 10:45:05'),
(46, 1, 10, 11, 3, 5, '2025-06-07 11:37:41'),
(47, 1, 10, 11, 4, 4, '2025-06-07 11:37:41'),
(48, 1, 10, 11, 5, 4, '2025-06-07 11:37:41'),
(49, 1, 10, 11, 6, 4, '2025-06-07 11:37:41'),
(50, 1, 10, 11, 7, 4, '2025-06-07 11:37:41'),
(51, 1, 10, 11, 8, 3, '2025-06-07 11:37:41'),
(52, 1, 10, 11, 9, 5, '2025-06-07 11:37:41'),
(53, 1, 10, 11, 10, 4, '2025-06-07 11:37:41'),
(54, 1, 10, 11, 11, 5, '2025-06-07 11:37:41'),
(55, 1, 10, 11, 12, 5, '2025-06-07 11:37:41'),
(56, 1, 10, 11, 13, 5, '2025-06-07 11:37:41'),
(57, 1, 10, 11, 14, 4, '2025-06-07 11:37:41'),
(58, 1, 10, 11, 15, 5, '2025-06-07 11:37:41'),
(59, 1, 10, 11, 16, 5, '2025-06-07 11:37:41'),
(60, 1, 10, 11, 17, 2, '2025-06-07 11:37:41'),
(61, 1, 12, 14, 3, 4, '2025-06-09 08:09:51'),
(62, 1, 12, 14, 4, 4, '2025-06-09 08:09:51'),
(63, 1, 12, 14, 5, 4, '2025-06-09 08:09:51'),
(64, 1, 12, 14, 6, 4, '2025-06-09 08:09:51'),
(65, 1, 12, 14, 7, 4, '2025-06-09 08:09:51'),
(66, 1, 12, 14, 8, 3, '2025-06-09 08:09:51'),
(67, 1, 12, 14, 9, 3, '2025-06-09 08:09:51'),
(68, 1, 12, 14, 10, 3, '2025-06-09 08:09:51'),
(69, 1, 12, 14, 11, 3, '2025-06-09 08:09:51'),
(70, 1, 12, 14, 12, 3, '2025-06-09 08:09:51'),
(71, 1, 12, 14, 13, 5, '2025-06-09 08:09:51'),
(72, 1, 12, 14, 14, 5, '2025-06-09 08:09:51'),
(73, 1, 12, 14, 15, 5, '2025-06-09 08:09:51'),
(74, 1, 12, 14, 16, 5, '2025-06-09 08:09:51'),
(75, 1, 12, 14, 17, 5, '2025-06-09 08:09:51'),
(76, 1, 12, 11, 18, 1, '2025-06-09 08:12:58'),
(77, 1, 12, 11, 19, 1, '2025-06-09 08:12:58'),
(78, 1, 12, 11, 20, 1, '2025-06-09 08:12:58'),
(79, 1, 12, 11, 21, 1, '2025-06-09 08:12:58'),
(80, 1, 12, 11, 22, 1, '2025-06-09 08:12:58'),
(81, 1, 12, 11, 23, 2, '2025-06-09 08:12:58'),
(82, 1, 12, 11, 24, 2, '2025-06-09 08:12:58'),
(83, 1, 12, 11, 25, 2, '2025-06-09 08:12:58'),
(84, 1, 12, 11, 26, 2, '2025-06-09 08:12:58'),
(85, 1, 12, 11, 27, 2, '2025-06-09 08:12:58'),
(86, 1, 12, 11, 28, 3, '2025-06-09 08:12:58'),
(87, 1, 12, 11, 29, 3, '2025-06-09 08:12:58'),
(88, 1, 12, 11, 30, 3, '2025-06-09 08:12:58'),
(89, 1, 12, 11, 31, 3, '2025-06-09 08:12:58'),
(90, 1, 12, 11, 32, 3, '2025-06-09 08:12:58'),
(91, 1, 12, 14, 3, 5, '2025-06-09 08:14:18'),
(92, 1, 12, 14, 4, 5, '2025-06-09 08:14:18'),
(93, 1, 12, 14, 5, 5, '2025-06-09 08:14:18'),
(94, 1, 12, 14, 6, 5, '2025-06-09 08:14:18'),
(95, 1, 12, 14, 7, 5, '2025-06-09 08:14:18'),
(96, 1, 12, 14, 8, 4, '2025-06-09 08:14:18'),
(97, 1, 12, 14, 9, 4, '2025-06-09 08:14:18'),
(98, 1, 12, 14, 10, 4, '2025-06-09 08:14:18'),
(99, 1, 12, 14, 11, 4, '2025-06-09 08:14:18'),
(100, 1, 12, 14, 12, 4, '2025-06-09 08:14:18'),
(101, 1, 12, 14, 13, 4, '2025-06-09 08:14:18'),
(102, 1, 12, 14, 14, 4, '2025-06-09 08:14:18'),
(103, 1, 12, 14, 15, 4, '2025-06-09 08:14:18'),
(104, 1, 12, 14, 16, 4, '2025-06-09 08:14:18'),
(105, 1, 12, 14, 17, 4, '2025-06-09 08:14:18'),
(106, 1, 15, 12, 18, 1, '2025-06-09 09:28:57'),
(107, 1, 15, 12, 19, 1, '2025-06-09 09:28:57'),
(108, 1, 15, 12, 20, 1, '2025-06-09 09:28:57'),
(109, 1, 15, 12, 21, 1, '2025-06-09 09:28:57'),
(110, 1, 15, 12, 22, 1, '2025-06-09 09:28:57'),
(111, 1, 15, 12, 23, 2, '2025-06-09 09:28:57'),
(112, 1, 15, 12, 24, 2, '2025-06-09 09:28:57'),
(113, 1, 15, 12, 25, 2, '2025-06-09 09:28:57'),
(114, 1, 15, 12, 26, 2, '2025-06-09 09:28:57'),
(115, 1, 15, 12, 27, 2, '2025-06-09 09:28:57'),
(116, 1, 15, 12, 28, 1, '2025-06-09 09:28:57'),
(117, 1, 15, 12, 29, 1, '2025-06-09 09:28:57'),
(118, 1, 15, 12, 30, 1, '2025-06-09 09:28:57'),
(119, 1, 15, 12, 31, 1, '2025-06-09 09:28:57'),
(120, 1, 15, 12, 32, 1, '2025-06-09 09:28:57'),
(121, 1, 15, 14, 18, 5, '2025-06-09 16:16:05'),
(122, 1, 15, 14, 19, 4, '2025-06-09 16:16:05'),
(123, 1, 15, 14, 20, 4, '2025-06-09 16:16:05'),
(124, 1, 15, 14, 21, 5, '2025-06-09 16:16:05'),
(125, 1, 15, 14, 22, 5, '2025-06-09 16:16:05'),
(126, 1, 15, 14, 23, 5, '2025-06-09 16:16:05'),
(127, 1, 15, 14, 24, 4, '2025-06-09 16:16:05'),
(128, 1, 15, 14, 25, 5, '2025-06-09 16:16:05'),
(129, 1, 15, 14, 26, 4, '2025-06-09 16:16:05'),
(130, 1, 15, 14, 27, 4, '2025-06-09 16:16:05'),
(131, 1, 15, 14, 28, 4, '2025-06-09 16:16:05'),
(132, 1, 15, 14, 29, 4, '2025-06-09 16:16:05'),
(133, 1, 15, 14, 30, 5, '2025-06-09 16:16:05'),
(134, 1, 15, 14, 31, 4, '2025-06-09 16:16:05'),
(135, 1, 15, 14, 32, 5, '2025-06-09 16:16:05'),
(136, 1, 12, 10, 18, 4, '2025-06-12 12:43:32'),
(137, 1, 12, 10, 19, 5, '2025-06-12 12:43:32'),
(138, 1, 12, 10, 20, 4, '2025-06-12 12:43:32'),
(139, 1, 12, 10, 21, 3, '2025-06-12 12:43:32'),
(140, 1, 12, 10, 22, 2, '2025-06-12 12:43:32'),
(141, 1, 12, 10, 23, 4, '2025-06-12 12:43:32'),
(142, 1, 12, 10, 24, 3, '2025-06-12 12:43:32'),
(143, 1, 12, 10, 25, 4, '2025-06-12 12:43:32'),
(144, 1, 12, 10, 26, 3, '2025-06-12 12:43:32'),
(145, 1, 12, 10, 27, 4, '2025-06-12 12:43:32'),
(146, 1, 12, 10, 28, 3, '2025-06-12 12:43:32'),
(147, 1, 12, 10, 29, 4, '2025-06-12 12:43:32'),
(148, 1, 12, 10, 30, 2, '2025-06-12 12:43:32'),
(149, 1, 12, 10, 31, 4, '2025-06-12 12:43:32'),
(150, 1, 12, 10, 32, 4, '2025-06-12 12:43:32'),
(151, 1, 12, 9, 18, 4, '2025-06-13 06:16:44'),
(152, 1, 12, 9, 19, 3, '2025-06-13 06:16:44'),
(153, 1, 12, 9, 20, 5, '2025-06-13 06:16:44'),
(154, 1, 12, 9, 21, 3, '2025-06-13 06:16:44'),
(155, 1, 12, 9, 22, 4, '2025-06-13 06:16:44'),
(156, 1, 12, 9, 23, 4, '2025-06-13 06:16:44'),
(157, 1, 12, 9, 24, 3, '2025-06-13 06:16:44'),
(158, 1, 12, 9, 25, 3, '2025-06-13 06:16:44'),
(159, 1, 12, 9, 26, 3, '2025-06-13 06:16:44'),
(160, 1, 12, 9, 27, 4, '2025-06-13 06:16:44'),
(161, 1, 12, 9, 28, 4, '2025-06-13 06:16:44'),
(162, 1, 12, 9, 29, 4, '2025-06-13 06:16:44'),
(163, 1, 12, 9, 30, 3, '2025-06-13 06:16:44'),
(164, 1, 12, 9, 31, 4, '2025-06-13 06:16:44'),
(165, 1, 12, 9, 32, 4, '2025-06-13 06:16:44'),
(166, 1, 12, 8, 18, 5, '2025-06-13 06:19:32'),
(167, 1, 12, 8, 19, 5, '2025-06-13 06:19:32'),
(168, 1, 12, 8, 20, 5, '2025-06-13 06:19:32'),
(169, 1, 12, 8, 21, 5, '2025-06-13 06:19:32'),
(170, 1, 12, 8, 22, 5, '2025-06-13 06:19:32'),
(171, 1, 12, 8, 23, 5, '2025-06-13 06:19:32'),
(172, 1, 12, 8, 24, 5, '2025-06-13 06:19:32'),
(173, 1, 12, 8, 25, 5, '2025-06-13 06:19:32'),
(174, 1, 12, 8, 26, 4, '2025-06-13 06:19:32'),
(175, 1, 12, 8, 27, 5, '2025-06-13 06:19:32'),
(176, 1, 12, 8, 28, 4, '2025-06-13 06:19:32'),
(177, 1, 12, 8, 29, 5, '2025-06-13 06:19:32'),
(178, 1, 12, 8, 30, 5, '2025-06-13 06:19:32'),
(179, 1, 12, 8, 31, 4, '2025-06-13 06:19:32'),
(180, 1, 12, 8, 32, 5, '2025-06-13 06:19:32'),
(181, 1, 8, 9, 3, 5, '2025-06-13 06:23:29'),
(182, 1, 8, 9, 4, 4, '2025-06-13 06:23:29'),
(183, 1, 8, 9, 5, 3, '2025-06-13 06:23:29'),
(184, 1, 8, 9, 6, 4, '2025-06-13 06:23:29'),
(185, 1, 8, 9, 7, 4, '2025-06-13 06:23:29'),
(186, 1, 8, 9, 8, 4, '2025-06-13 06:23:29'),
(187, 1, 8, 9, 9, 4, '2025-06-13 06:23:29'),
(188, 1, 8, 9, 10, 4, '2025-06-13 06:23:29'),
(189, 1, 8, 9, 11, 4, '2025-06-13 06:23:29'),
(190, 1, 8, 9, 12, 3, '2025-06-13 06:23:29'),
(191, 1, 8, 9, 13, 3, '2025-06-13 06:23:29'),
(192, 1, 8, 9, 14, 3, '2025-06-13 06:23:29'),
(193, 1, 8, 9, 15, 4, '2025-06-13 06:23:29'),
(194, 1, 8, 9, 16, 4, '2025-06-13 06:23:29'),
(195, 1, 8, 9, 17, 4, '2025-06-13 06:23:29'),
(196, 1, 14, 12, 3, 5, '2025-06-13 06:41:08'),
(197, 1, 14, 12, 4, 4, '2025-06-13 06:41:08'),
(198, 1, 14, 12, 5, 5, '2025-06-13 06:41:08'),
(199, 1, 14, 12, 6, 5, '2025-06-13 06:41:08'),
(200, 1, 14, 12, 7, 5, '2025-06-13 06:41:08'),
(201, 1, 14, 12, 8, 5, '2025-06-13 06:41:08'),
(202, 1, 14, 12, 9, 4, '2025-06-13 06:41:08'),
(203, 1, 14, 12, 10, 5, '2025-06-13 06:41:08'),
(204, 1, 14, 12, 11, 5, '2025-06-13 06:41:08'),
(205, 1, 14, 12, 12, 5, '2025-06-13 06:41:08'),
(206, 1, 14, 12, 13, 5, '2025-06-13 06:41:08'),
(207, 1, 14, 12, 14, 5, '2025-06-13 06:41:08'),
(208, 1, 14, 12, 15, 5, '2025-06-13 06:41:08'),
(209, 1, 14, 12, 16, 5, '2025-06-13 06:41:08'),
(210, 1, 14, 12, 17, 5, '2025-06-13 06:41:08'),
(211, 1, 14, 11, 18, 5, '2025-06-13 06:44:33'),
(212, 1, 14, 11, 19, 5, '2025-06-13 06:44:33'),
(213, 1, 14, 11, 20, 5, '2025-06-13 06:44:33'),
(214, 1, 14, 11, 21, 5, '2025-06-13 06:44:33'),
(215, 1, 14, 11, 22, 5, '2025-06-13 06:44:33'),
(216, 1, 14, 11, 23, 4, '2025-06-13 06:44:33'),
(217, 1, 14, 11, 24, 3, '2025-06-13 06:44:33'),
(218, 1, 14, 11, 25, 3, '2025-06-13 06:44:33'),
(219, 1, 14, 11, 26, 4, '2025-06-13 06:44:33'),
(220, 1, 14, 11, 27, 4, '2025-06-13 06:44:33'),
(221, 1, 14, 11, 28, 4, '2025-06-13 06:44:33'),
(222, 1, 14, 11, 29, 4, '2025-06-13 06:44:33'),
(223, 1, 14, 11, 30, 3, '2025-06-13 06:44:33'),
(224, 1, 14, 11, 31, 4, '2025-06-13 06:44:33'),
(225, 1, 14, 11, 32, 4, '2025-06-13 06:44:33'),
(226, 1, 14, 10, 18, 5, '2025-06-13 06:46:24'),
(227, 1, 14, 10, 19, 3, '2025-06-13 06:46:24'),
(228, 1, 14, 10, 20, 3, '2025-06-13 06:46:24'),
(229, 1, 14, 10, 21, 3, '2025-06-13 06:46:24'),
(230, 1, 14, 10, 22, 3, '2025-06-13 06:46:24'),
(231, 1, 14, 10, 23, 4, '2025-06-13 06:46:24'),
(232, 1, 14, 10, 24, 3, '2025-06-13 06:46:24'),
(233, 1, 14, 10, 25, 3, '2025-06-13 06:46:24'),
(234, 1, 14, 10, 26, 3, '2025-06-13 06:46:24'),
(235, 1, 14, 10, 27, 4, '2025-06-13 06:46:24'),
(236, 1, 14, 10, 28, 4, '2025-06-13 06:46:24'),
(237, 1, 14, 10, 29, 4, '2025-06-13 06:46:24'),
(238, 1, 14, 10, 30, 3, '2025-06-13 06:46:24'),
(239, 1, 14, 10, 31, 4, '2025-06-13 06:46:24'),
(240, 1, 14, 10, 32, 4, '2025-06-13 06:46:24'),
(241, 1, 14, 9, 18, 4, '2025-06-13 06:48:34'),
(242, 1, 14, 9, 19, 3, '2025-06-13 06:48:34'),
(243, 1, 14, 9, 20, 4, '2025-06-13 06:48:34'),
(244, 1, 14, 9, 21, 4, '2025-06-13 06:48:34'),
(245, 1, 14, 9, 22, 3, '2025-06-13 06:48:34'),
(246, 1, 14, 9, 23, 5, '2025-06-13 06:48:34'),
(247, 1, 14, 9, 24, 3, '2025-06-13 06:48:34'),
(248, 1, 14, 9, 25, 4, '2025-06-13 06:48:34'),
(249, 1, 14, 9, 26, 4, '2025-06-13 06:48:34'),
(250, 1, 14, 9, 27, 4, '2025-06-13 06:48:34'),
(251, 1, 14, 9, 28, 4, '2025-06-13 06:48:34'),
(252, 1, 14, 9, 29, 4, '2025-06-13 06:48:34'),
(253, 1, 14, 9, 30, 4, '2025-06-13 06:48:34'),
(254, 1, 14, 9, 31, 4, '2025-06-13 06:48:34'),
(255, 1, 14, 9, 32, 4, '2025-06-13 06:48:34'),
(256, 1, 14, 8, 18, 5, '2025-06-13 06:51:06'),
(257, 1, 14, 8, 19, 4, '2025-06-13 06:51:06'),
(258, 1, 14, 8, 20, 4, '2025-06-13 06:51:06'),
(259, 1, 14, 8, 21, 4, '2025-06-13 06:51:06'),
(260, 1, 14, 8, 22, 4, '2025-06-13 06:51:06'),
(261, 1, 14, 8, 23, 4, '2025-06-13 06:51:06'),
(262, 1, 14, 8, 24, 4, '2025-06-13 06:51:06'),
(263, 1, 14, 8, 25, 4, '2025-06-13 06:51:06'),
(264, 1, 14, 8, 26, 4, '2025-06-13 06:51:06'),
(265, 1, 14, 8, 27, 4, '2025-06-13 06:51:06'),
(266, 1, 14, 8, 28, 4, '2025-06-13 06:51:06'),
(267, 1, 14, 8, 29, 5, '2025-06-13 06:51:06'),
(268, 1, 14, 8, 30, 4, '2025-06-13 06:51:06'),
(269, 1, 14, 8, 31, 4, '2025-06-13 06:51:06'),
(270, 1, 14, 8, 32, 4, '2025-06-13 06:51:06');

-- --------------------------------------------------------

--
-- Table structure for table `questioner_status`
--

CREATE TABLE `questioner_status` (
  `id` int(11) NOT NULL,
  `questioner_id` int(11) NOT NULL,
  `evaluator_id` int(11) NOT NULL,
  `evaluatee_id` int(11) NOT NULL,
  `type` enum('peer','supervisor') NOT NULL,
  `status` enum('pending','completed') NOT NULL DEFAULT 'pending',
  `created_on` timestamp NULL DEFAULT current_timestamp()
) ENGINE=InnoDB DEFAULT CHARSET=latin1;

--
-- Dumping data for table `questioner_status`
--

INSERT INTO `questioner_status` (`id`, `questioner_id`, `evaluator_id`, `evaluatee_id`, `type`, `status`, `created_on`) VALUES
(2, 1, 9, 8, 'peer', 'completed', '2025-06-06 12:44:50'),
(3, 1, 11, 10, 'peer', 'completed', NULL),
(4, 1, 10, 11, 'peer', 'completed', '2025-06-07 11:37:41'),
(5, 1, 12, 14, 'peer', 'completed', '2025-06-09 08:09:51'),
(6, 1, 12, 11, 'supervisor', 'completed', '2025-06-09 08:12:58'),
(8, 1, 15, 12, 'supervisor', 'completed', '2025-06-09 09:28:57'),
(9, 1, 15, 14, 'supervisor', 'completed', '2025-06-09 16:16:05'),
(10, 1, 12, 10, 'supervisor', 'completed', '2025-06-12 12:43:32'),
(11, 1, 12, 9, 'supervisor', 'completed', '2025-06-13 06:16:44'),
(12, 1, 12, 8, 'supervisor', 'completed', '2025-06-13 06:19:32'),
(13, 1, 8, 9, 'peer', 'completed', '2025-06-13 06:23:29'),
(14, 1, 14, 12, 'peer', 'completed', '2025-06-13 06:41:08'),
(15, 1, 14, 11, 'supervisor', 'completed', '2025-06-13 06:44:33'),
(16, 1, 14, 10, 'supervisor', 'completed', '2025-06-13 06:46:24'),
(17, 1, 14, 9, 'supervisor', 'completed', '2025-06-13 06:48:34'),
(18, 1, 14, 8, 'supervisor', 'completed', '2025-06-13 06:51:06');

-- --------------------------------------------------------

--
-- Table structure for table `role`
--

CREATE TABLE `role` (
  `id` int(11) NOT NULL,
  `name` varchar(10) NOT NULL,
  `created_on` datetime NOT NULL,
  `updated_on` datetime NOT NULL
) ENGINE=InnoDB DEFAULT CHARSET=latin1;

--
-- Dumping data for table `role`
--

INSERT INTO `role` (`id`, `name`, `created_on`, `updated_on`) VALUES
(1, 'Admin', '2025-02-06 00:00:00', '2025-02-06 00:00:00'),
(2, 'User', '2025-02-07 08:38:00', '2025-02-07 08:38:00'),
(3, 'Operator', '0000-00-00 00:00:00', '0000-00-00 00:00:00');

-- --------------------------------------------------------

--
-- Table structure for table `sub_criteria`
--

CREATE TABLE `sub_criteria` (
  `id` int(11) NOT NULL,
  `code_sub_criteria` varchar(8) NOT NULL,
  `criteria_id` int(11) NOT NULL,
  `name` varchar(100) NOT NULL,
  `value` int(11) NOT NULL,
  `created_on` datetime NOT NULL,
  `updated_on` datetime NOT NULL
) ENGINE=InnoDB DEFAULT CHARSET=latin1;

--
-- Dumping data for table `sub_criteria`
--

INSERT INTO `sub_criteria` (`id`, `code_sub_criteria`, `criteria_id`, `name`, `value`, `created_on`, `updated_on`) VALUES
(4, 'ASP0001', 4, '&lt;2 kali tidak hadir', 5, '2025-05-10 06:24:14', '0000-00-00 00:00:00'),
(5, 'ASP0002', 4, '3-4 kali tidak hadir', 4, '2025-05-10 06:24:31', '0000-00-00 00:00:00'),
(6, 'ASP0003', 4, '5-6 kali tidak hadir', 3, '2025-05-10 06:24:53', '0000-00-00 00:00:00'),
(7, 'ASP0004', 4, '7-8 kali tidak hadir', 2, '2025-05-10 06:25:11', '0000-00-00 00:00:00'),
(8, 'ASP0005', 4, '>8 kali tidak hadir ', 1, '2025-05-10 06:25:30', '0000-00-00 00:00:00'),
(9, 'ASP0006', 5, '&lt;2 Kali terlambat', 5, '2025-05-10 06:26:04', '0000-00-00 00:00:00'),
(10, 'ASP0007', 5, '3-4 kali terlambat', 4, '2025-05-10 06:26:25', '0000-00-00 00:00:00'),
(11, 'ASP0008', 5, '5-6 kali tidak hadir', 3, '2025-05-10 06:26:44', '0000-00-00 00:00:00'),
(12, 'ASP0009', 5, '7-8 kali terlambat', 2, '2025-05-10 06:27:05', '0000-00-00 00:00:00'),
(13, 'ASP0010', 5, '>8 kali terlambat', 1, '2025-05-10 06:29:59', '0000-00-00 00:00:00'),
(14, 'ASP0011', 7, 'Staff Managerial', 3, '2025-05-10 06:30:14', '2025-06-14 15:39:38'),
(15, 'ASP0012', 7, 'Staff Senior', 2, '2025-05-10 06:30:26', '2025-06-14 15:39:50'),
(16, 'ASP0013', 7, 'Staff', 1, '2025-05-10 06:30:49', '2025-06-14 15:40:00'),
(17, 'ASP0014', 8, '>2 Tahun', 3, '2025-05-10 06:32:10', '0000-00-00 00:00:00'),
(18, 'ASP0015', 8, '>1 Tahun - 2 Tahun', 2, '2025-05-10 06:32:29', '0000-00-00 00:00:00'),
(19, 'ASP0016', 8, '&lt;1 Tahun - 1 Tahun', 1, '2025-05-10 06:32:50', '0000-00-00 00:00:00'),
(20, 'ASP0017', 9, '3', 3, '2025-05-10 06:33:22', '2025-06-14 10:04:47'),
(21, 'ASP0018', 9, '2', 2, '2025-05-10 06:33:36', '2025-06-14 10:04:30'),
(22, 'ASP0019', 9, '1', 1, '2025-05-10 06:33:48', '2025-06-14 10:04:14'),
(23, 'ASP0020', 10, '3', 3, '2025-05-10 06:34:03', '2025-06-14 10:09:06'),
(24, 'ASP0021', 10, '2', 2, '2025-05-10 06:34:31', '2025-06-14 10:09:23'),
(25, 'ASP0022', 10, '1', 1, '2025-05-10 06:34:53', '2025-06-14 10:09:35'),
(26, 'ASP0023', 11, '3', 3, '2025-05-10 06:35:08', '2025-06-14 10:09:47'),
(27, 'ASP0024', 11, '2', 2, '2025-05-10 06:35:17', '2025-06-14 10:09:57'),
(28, 'ASP0025', 11, '1', 1, '2025-05-10 06:35:28', '2025-06-14 10:10:07'),
(29, 'ASP0026', 12, '3', 3, '2025-05-10 06:35:49', '2025-06-14 10:10:25'),
(30, 'ASP0027', 12, '2', 2, '2025-05-10 06:36:04', '2025-06-14 10:11:23'),
(31, 'ASP0028', 12, '1', 1, '2025-05-10 06:36:16', '2025-06-14 10:11:34'),
(32, 'ASP0029', 13, '3', 3, '2025-05-10 06:36:29', '2025-06-14 10:11:44'),
(34, 'ASP0030', 13, '2', 2, '2025-05-10 06:37:28', '2025-06-14 10:11:53'),
(35, 'ASP0031', 13, '1', 1, '2025-05-10 06:37:42', '2025-06-14 10:11:10'),
(36, 'ASP0032', 14, '3', 3, '2025-05-10 06:37:55', '2025-06-14 10:10:58'),
(37, 'ASP0033', 14, '2', 2, '2025-05-10 06:38:12', '2025-06-14 10:10:48'),
(38, 'ASP0034', 14, '1', 1, '2025-05-10 06:40:15', '2025-06-14 10:10:37'),
(39, 'ASP0035', 9, '4', 4, '2025-06-14 10:05:16', '0000-00-00 00:00:00'),
(40, 'ASP0036', 9, '5', 5, '2025-06-14 10:05:32', '0000-00-00 00:00:00'),
(41, 'ASP0037', 10, '4', 4, '2025-06-14 10:05:49', '0000-00-00 00:00:00'),
(42, 'ASP0038', 10, '5', 5, '2025-06-14 10:06:03', '2025-06-14 10:06:59'),
(43, 'ASP0039', 11, '4', 4, '2025-06-14 10:06:19', '0000-00-00 00:00:00'),
(44, 'ASP0040', 11, '5', 5, '2025-06-14 10:06:29', '0000-00-00 00:00:00'),
(45, 'ASP0041', 12, '4', 4, '2025-06-14 10:07:30', '0000-00-00 00:00:00'),
(46, 'ASP0042', 12, '5', 5, '2025-06-14 10:07:39', '0000-00-00 00:00:00'),
(47, 'ASP0043', 13, '4', 4, '2025-06-14 10:07:54', '0000-00-00 00:00:00'),
(48, 'ASP0044', 13, '5', 5, '2025-06-14 10:08:07', '0000-00-00 00:00:00'),
(49, 'ASP0045', 14, '4', 4, '2025-06-14 10:08:25', '0000-00-00 00:00:00'),
(50, 'ASP0046', 14, '5', 5, '2025-06-14 10:08:38', '0000-00-00 00:00:00');

-- --------------------------------------------------------

--
-- Table structure for table `user`
--

CREATE TABLE `user` (
  `id` int(11) NOT NULL,
  `code_user` varchar(7) NOT NULL,
  `email` varchar(50) NOT NULL,
  `password` varchar(50) NOT NULL,
  `role_id` int(11) NOT NULL,
  `status` tinyint(1) NOT NULL,
  `avatar` varchar(100) NOT NULL,
  `created_on` datetime NOT NULL,
  `updated_on` datetime NOT NULL
) ENGINE=InnoDB DEFAULT CHARSET=latin1;

--
-- Dumping data for table `user`
--

INSERT INTO `user` (`id`, `code_user`, `email`, `password`, `role_id`, `status`, `avatar`, `created_on`, `updated_on`) VALUES
(1, 'USR0001', 'admin@gmail.com', '1234', 1, 1, '', '2025-02-06 00:00:00', '2025-02-06 00:00:00'),
(8, 'USR0003', 'nerva@gmail.com', '1235', 2, 1, '/dist/img/avatar4.png', '0000-00-00 00:00:00', '2025-05-28 14:41:18'),
(9, 'USR0004', 'salma@gmail.com', '1234', 2, 1, '/dist/img/avatar4.png', '2025-05-10 06:41:14', '2025-05-28 14:41:08'),
(10, 'USR0005', 'Rifa@gmail.com', '1237', 2, 1, '/dist/img/avatar4.png', '2025-05-10 06:41:54', '2025-05-28 14:40:57'),
(11, 'USR0006', 'gilang@gmail.com', '1238', 2, 1, '/dist/img/avatar4.png', '2025-05-10 06:42:45', '2025-05-28 14:40:46'),
(12, 'USR0007', 'tina@gmail.com', '1239', 2, 1, '/dist/img/avatar4.png', '2025-05-10 06:43:21', '2025-05-28 14:38:17'),
(13, 'USR0008', 'raihan@gmail.com', '12310', 3, 1, '/dist/img/avatar4.png', '2025-05-10 06:44:55', '2025-06-14 15:22:13'),
(14, 'USR0009', 'yuda@gmail.com', '1232', 2, 1, '/dist/img/avatar4.png', '2025-05-28 14:42:11', '0000-00-00 00:00:00'),
(15, 'USR0010', 'dian@gmail.com', '1231', 2, 1, '/dist/img/avatar4.png', '2025-05-28 14:46:24', '2025-05-29 15:20:12');

--
-- Indexes for dumped tables
--

--
-- Indexes for table `aspect`
--
ALTER TABLE `aspect`
  ADD PRIMARY KEY (`id`);

--
-- Indexes for table `criteria`
--
ALTER TABLE `criteria`
  ADD PRIMARY KEY (`id`);

--
-- Indexes for table `division`
--
ALTER TABLE `division`
  ADD PRIMARY KEY (`id`);

--
-- Indexes for table `employee`
--
ALTER TABLE `employee`
  ADD PRIMARY KEY (`id`);

--
-- Indexes for table `employee_division`
--
ALTER TABLE `employee_division`
  ADD PRIMARY KEY (`id`),
  ADD UNIQUE KEY `unique_employee_division` (`employee_id`);

--
-- Indexes for table `factor`
--
ALTER TABLE `factor`
  ADD PRIMARY KEY (`id`);

--
-- Indexes for table `hasil_profile_matching`
--
ALTER TABLE `hasil_profile_matching`
  ADD PRIMARY KEY (`id`);

--
-- Indexes for table `nilai_aktual`
--
ALTER TABLE `nilai_aktual`
  ADD PRIMARY KEY (`id`);

--
-- Indexes for table `position`
--
ALTER TABLE `position`
  ADD PRIMARY KEY (`id`);

--
-- Indexes for table `question`
--
ALTER TABLE `question`
  ADD PRIMARY KEY (`id`);

--
-- Indexes for table `questioner`
--
ALTER TABLE `questioner`
  ADD PRIMARY KEY (`id`);

--
-- Indexes for table `questioner_answers`
--
ALTER TABLE `questioner_answers`
  ADD PRIMARY KEY (`id`),
  ADD KEY `questioner_id` (`questioner_id`);

--
-- Indexes for table `questioner_status`
--
ALTER TABLE `questioner_status`
  ADD PRIMARY KEY (`id`),
  ADD UNIQUE KEY `unique_evaluation` (`evaluator_id`,`evaluatee_id`,`type`);

--
-- Indexes for table `role`
--
ALTER TABLE `role`
  ADD PRIMARY KEY (`id`);

--
-- Indexes for table `sub_criteria`
--
ALTER TABLE `sub_criteria`
  ADD PRIMARY KEY (`id`);

--
-- Indexes for table `user`
--
ALTER TABLE `user`
  ADD PRIMARY KEY (`id`);

--
-- AUTO_INCREMENT for dumped tables
--

--
-- AUTO_INCREMENT for table `aspect`
--
ALTER TABLE `aspect`
  MODIFY `id` int(11) NOT NULL AUTO_INCREMENT, AUTO_INCREMENT=15;

--
-- AUTO_INCREMENT for table `criteria`
--
ALTER TABLE `criteria`
  MODIFY `id` int(11) NOT NULL AUTO_INCREMENT, AUTO_INCREMENT=15;

--
-- AUTO_INCREMENT for table `division`
--
ALTER TABLE `division`
  MODIFY `id` int(11) NOT NULL AUTO_INCREMENT, AUTO_INCREMENT=11;

--
-- AUTO_INCREMENT for table `employee`
--
ALTER TABLE `employee`
  MODIFY `id` int(11) NOT NULL AUTO_INCREMENT, AUTO_INCREMENT=16;

--
-- AUTO_INCREMENT for table `employee_division`
--
ALTER TABLE `employee_division`
  MODIFY `id` int(11) NOT NULL AUTO_INCREMENT, AUTO_INCREMENT=20;

--
-- AUTO_INCREMENT for table `factor`
--
ALTER TABLE `factor`
  MODIFY `id` int(11) NOT NULL AUTO_INCREMENT, AUTO_INCREMENT=3;

--
-- AUTO_INCREMENT for table `hasil_profile_matching`
--
ALTER TABLE `hasil_profile_matching`
  MODIFY `id` int(11) NOT NULL AUTO_INCREMENT, AUTO_INCREMENT=43;

--
-- AUTO_INCREMENT for table `nilai_aktual`
--
ALTER TABLE `nilai_aktual`
  MODIFY `id` int(11) NOT NULL AUTO_INCREMENT, AUTO_INCREMENT=223;

--
-- AUTO_INCREMENT for table `position`
--
ALTER TABLE `position`
  MODIFY `id` int(11) NOT NULL AUTO_INCREMENT, AUTO_INCREMENT=9;

--
-- AUTO_INCREMENT for table `question`
--
ALTER TABLE `question`
  MODIFY `id` int(11) NOT NULL AUTO_INCREMENT, AUTO_INCREMENT=33;

--
-- AUTO_INCREMENT for table `questioner`
--
ALTER TABLE `questioner`
  MODIFY `id` int(11) NOT NULL AUTO_INCREMENT, AUTO_INCREMENT=2;

--
-- AUTO_INCREMENT for table `questioner_answers`
--
ALTER TABLE `questioner_answers`
  MODIFY `id` int(11) NOT NULL AUTO_INCREMENT, AUTO_INCREMENT=271;

--
-- AUTO_INCREMENT for table `questioner_status`
--
ALTER TABLE `questioner_status`
  MODIFY `id` int(11) NOT NULL AUTO_INCREMENT, AUTO_INCREMENT=19;

--
-- AUTO_INCREMENT for table `role`
--
ALTER TABLE `role`
  MODIFY `id` int(11) NOT NULL AUTO_INCREMENT, AUTO_INCREMENT=4;

--
-- AUTO_INCREMENT for table `sub_criteria`
--
ALTER TABLE `sub_criteria`
  MODIFY `id` int(11) NOT NULL AUTO_INCREMENT, AUTO_INCREMENT=51;

--
-- AUTO_INCREMENT for table `user`
--
ALTER TABLE `user`
  MODIFY `id` int(11) NOT NULL AUTO_INCREMENT, AUTO_INCREMENT=16;

--
-- Constraints for dumped tables
--

--
-- Constraints for table `questioner_answers`
--
ALTER TABLE `questioner_answers`
  ADD CONSTRAINT `questioner_answers_ibfk_1` FOREIGN KEY (`questioner_id`) REFERENCES `questioner` (`id`);
COMMIT;

/*!40101 SET CHARACTER_SET_CLIENT=@OLD_CHARACTER_SET_CLIENT */;
/*!40101 SET CHARACTER_SET_RESULTS=@OLD_CHARACTER_SET_RESULTS */;
/*!40101 SET COLLATION_CONNECTION=@OLD_COLLATION_CONNECTION */;
